IE_XML_ID;IE_NAME;IE_ACTIVE;IE_DETAIL_TEXT_TYPE;IE-CODE;IE_SORT;IE_TAGS;IP_PROP212;IP_PROP745;IP_PROP794;IP_PROP746;IP_PROP747;IP_PROP748;IP_PROP791;IP_PROP749;IP_PROP750;IP_PROP751;IP_PROP793;IP_PROP780;IP_PROP752;IP_PROP753;IP_PROP754;IP_PROP755;IP_PROP792;IP_PROP756;IP_PROP758;IP_PROP759;IP_PROP789;IP_PROP760;IP_PROP761;IP_PROP762;IP_PROP763;IP_PROP783;IP_PROP784;IP_PROP785;IP_PROP764;IP_PROP765;IP_PROP766;IP_PROP790;IP_PROP767;IP_PROP768;IP_PROP769;IP_PROP770;IP_PROP771;IP_PROP772;IP_PROP773;IP_PROP776;IP_PROP777;IP_PROP787;IP_PROP788;IP_PROP778;IP_PROP779;IC_GROUP0;IC_GROUP1
13692;Автопогрузчики Yale GP15AK;Y;text;avtopogruzchiki-yale-gp15ak;500;;474;1840;;1975;137/1600;2060;;;1070/1070;MAZDA FE;;;2275;;;52;;;;;;;30,8;;1500;;;;апр.98;39/25;;;;17.5/18.5;;;;600/635;;Automat1c;18140;;;;2610;Складская техника;Вилочные погрузчики
13909;Автопогрузчик Yale GP18AK;Y;text;avtopogruzchik-Yale-GP18AK;500;;474;1895;;2010;137/1600;2060;;;1135/1070;MAZDA FE;;;2310;;;52;;;;;;;30,8;;1750;;;;апр.98;33/23;;;;18.5/19.0;;;;600/635;;Automat1c;17100;;;;2865;Складская техника;Вилочные погрузчики
13694;Автопогрузчик Yale GP20AK;Y;text;avtopogruzchik-Yale-GP20AK;500;;474;1915;;2040;137/1600;2060;;;1135/1070;MAZDA FE;;;2350;;;52;;;;;;;30,8;;2000;;;;апр.98;30/21;;;;18.0/19.0;;;;595/635;;Automat1c;17170;;;;3050;Складская техника;Вилочные погрузчики
13910;Автопогрузчик Yale GDP15AK;Y;text;avtopogruzchik-Yale-GDP15AK;500;;474;1840;;1975;150/1400;2060;;;1070/1070;Yanmar 4TNE92;;;2275;;;52;;;;;;;32.8;;1500;;;;апр.59;38/25;;;;17.5/18.0;;;;630/670;;Automat1c;18430;;;;2695;Складская техника;Вилочные погрузчики
13696;Автопогрузчик Yale GDP18AK;Y;text;avtopogruzchik-Yale-GDP18AK;500;;474;1895;;2010;150/1400;2060;;;1135/1070;Yanmar 4TNE92;;;2310;;;52;;;;;;;32.8;;1750;;;;апр.59;33/23;;;;18.0/19.0;;;;620/670;;Automat1c;17390;;;;2945;Складская техника;Вилочные погрузчики
13697;Автопогрузчик Yale GDP20AK;Y;text;avtopogruzchik-Yale-GDP20AK;500;;474;1915;;2040;150/1400;2060;;;1135/1070;Yanmar 4TNE92;;;2350;;;52;;;;;;;32.8;;2000;;;;апр.59;30/21;;;;18.0/19.0;;;;610/670;;Automat1c;17460;;;;3135;Складская техника;Вилочные погрузчики
13698;Автопогрузчик Yale GP25RK;Y;text;avtopogruzchik-Yale-GP25RK;500;;474;2070;;2210;137/1600;2130;;;1160/1140;MAZDA FE;;;2600;;;69;;;;;;;33.8;;2500;;;;апр.98;26/24;;;;18.0/18.5;;;;550/595;;Automat1c;18820;;;;3800;Складская техника;Вилочные погрузчики
13699;Автопогрузчик Yale GDP25RK;Y;text;avtopogruzchik-Yale-GDP25RK;500;;474;2070;;2210;150/1400;2130;;;1160/1140;Yanmar 4TNE92;;;2600;;;69;;;;;;;37.4;;2500;;;;апр.59;27/24;;;;17.5/18.5;;;;590/620;;Automat1c;19830;;;;3880;Складская техника;Вилочные погрузчики
13700;Автопогрузчик Yale GP30TK;Y;text;avtopogruzchik-Yale-GP30TK;500;;474;;;;;;;;; ;;;;;;;;;;;;;;;;;;;;;;;;;;;;;;;;;;;;Складская техника;Вилочные погрузчики
13701;Автопогрузчик Yale GDP30TK;Y;text;avtopogruzchik-Yale-GDP30TK;500;;474;;;;;;;;; ;;;;;;;;;;;;;;;;;;;;;;;;;;;;;;;;;;;;Складская техника;Вилочные погрузчики
13702;Автопогрузчик Yale GP35TK;Y;text;avtopogruzchik-Yale-GP35TK;500;;474;2190;;2355;157/1600;2150;;;1235/1140;MAZDA F2;;;2790;;;69;;;;;;;39.7;;3500;;;;апр.84;21/23;;;;17.5/17.5;;;;450/550;;Automat1c;20640;;;;4865;Складская техника;Вилочные погрузчики
13703;Автопогрузчик Yale GDP35TK;Y;text;avtopogruzchik-Yale-GDP35TK;500;;474;2190;;2355;214/1700;2150;;;1235/1140;Yanmar 4TNE98;;;2740;;;69;;;;;;;50.6;;3500;;;;апр.19;25/20;;;;19.5/19.5;;;;495/505;;Automat1c;22980;;;;4940;Складская техника;Вилочные погрузчики
13704;Автопогрузчик Yale UT15 Дизельный;Y;text;avtopogruzchik-Yale-UT15-dizelniy;500;;474;1970;;1970;;2130;;;1080/1500; Yanmar 4TNE92;;;2265;;;;;;;;;;32,8;;1500;;;;апр.59;;;;;14 / 14.5;;;;0.59 / 0.65;;;;;;;2740;Складская техника;Вилочные погрузчики
13705;Автопогрузчик Yale UT18 Дизельный;Y;text;avtopogruzchik-Yale-UT18-dizelniy;500;;474;3810;;2005;;2130;;;1080/1500;Yanmar 4TNE92;;;2300;;;;;;;;;;32,8;;1750;;;;апр.59;40 / 25;;;;14 / 14.5;;;;0.59 / 0.65;;АКПП;24750 / 8160;;;;2930;Складская техника;Вилочные погрузчики
13706;Автопогрузчик Yale UT20 Дизельный;Y;text;avtopogruzchik-Yale-UT20-dizelniy;500;;474;4045;;2175;;2140;;;1155 / 1600;Yanmar 4TNE92;;;2530;;;;;;;;;;32,8;;2000;;;;апр.59;23 / 30;;;;19.9 / 20.4;;;;0.53 / 0.58;;АКПП;13800 / 11250;;;;3440;Складская техника;Вилочные погрузчики
13707;Автопогрузчик Utilev UT25 Дизельный;Y;text;avtopogruzchik-Utilev-UT25-dizelniy;500;;1075;4105;;2235;;2140;;;1155 / 1600;Yanmar 4TNE92;;;2600;;;;;;;;;;32,8;;2500;;;;апр.59;20 / 26;;;;19.7 / 20.2;;;;0.53 / 0.58;;АКПП;13800 / 10700;;;;3765;Складская техника;Вилочные погрузчики
13708;Автопогрузчик Utilev UT30 Дизельный;Y;text;avtopogruzchik-Utilev-UT30-dizelniy;500;;1075;4255;;2375;;2170;;;1225 / 1725;Yanmar 4TNE98;;;2750;;;;;;;;;;44,3;;3000;;;;апр.19;26 / 26;;;;17.06.2018;;;;0.45 / 0.50;;АКПП;20700 / 12100;;;;4255;Складская техника;Вилочные погрузчики
13709;Автопогрузчик Utilev UT35 Дизельный;Y;text;avtopogruzchik-Utilev-UT35-dizelniy;500;;1075;2295;;2415;;2170;;;1225 / 1725;Yanmar 4TNE98;;;2800;;;;;;;;;;44,3;;3500;;;;апр.19;23 / 26;;;;17 / 18;;;;0.35 / 0.38;;АКПП;20700 / 13000;;;;4555;Складская техника;Вилочные погрузчики
13710;Автопогрузчик Utilev UT15 Газ-бензиновый;Y;text;avtopogruzchik-Utilev-UT15-gaz-benzinoviy;500;;1075;3775;;1970;;2130;;;1080/1500;Nissan K21;;;2265;;;;;;;;;;31,5;;1500;;;;апр.65;45 / 28;;;;14 / 14.5;;;;0.47 / 0.51;;АКПП;20100 / 8370;;;;2740;Складская техника;Вилочные погрузчики
13711;Автопогрузчик Utilev UT18 Газ-бензиновый;Y;text;avtopogruzchik-Utilev-UT18-gaz-benzinoviy;500;;1075;3810;;2005;;2130;;;1080/1500;Nissan K21;;;2300;;;;;;;;;;31,5;;1750;;;;апр.65;31 / 25;;;;14 / 14.5;;;;0.47 / 0.51;;АКПП;20100 / 8160;;;;2930;Складская техника;Вилочные погрузчики
13911;Автопогрузчик Utilev UT20 Газ-бензиновый;Y;text;avtopogruzchik-Utilev-UT20-gaz-benzinoviy;500;;1075;4045;;2175;;2140;;;1155 / 1600;Nissan K21;;;2530;;;;;;;;;;31,5;;2000;;;;апр.65;23 / 30;;;;19.8 / 20.3;;;;0.48 / 0.52;;АКПП;14000 / 11250;;;;3440;Складская техника;Вилочные погрузчики
13912;Автопогрузчик Utilev UT25 Газ-бензиновый;Y;text;avtopogruzchik-Utilev-UT25-gaz-benzinoviy;500;;1075;4105;;2235;;2140;;;1155 / 1600;Nissan K21;;;2600;;;;;;;;;;31,5;;2500;;;;60358;20 / 26;;;;19.05.2020;;;;0.48 / 0.52;;АКПП;14000 / 10700;;;;3765;Складская техника;Вилочные погрузчики
13913;Автопогрузчик Utilev UT30 Газ-бензиновый;Y;text;avtopogruzchik-Utilev-UT30-gaz-benzinoviy;500;;1075;4255;;2375;;2170;;;1225 / 1725;Nissan K25;;;2750;;;;;;;;;;38;;3000;;;;апр.88;25 / 26;;;;17.1 / 17.6;;;;0.41 / 0.45;;АКПП;19500 / 12100;;;;4255;Складская техника;Вилочные погрузчики
13715;Автопогрузчик Utilev UT35 Газ-бензиновый;Y;text;avtopogruzchik-Utilev-UT35-gaz-benzinoviy;500;;1075;2295;;2415;;2170;;;1225 / 1725;Nissan K25;;;2800;;;;;;;;;;38;;3500;;;;апр.88;22 / 26;;;;17.1 / 17.6;;;;0.32 / 0.35;;АКПП;19500 / 13000;;;;4555;Складская техника;Вилочные погрузчики
13914;Автопогрузчик Yale GLP40VX5;Y;text;avtopogruzchik-Yale-GLP40VX5;500;;474;;;2570;;2258;;;1402;GM 4.3L;;;2945;;;;;;;;;;77;;4000;;;;июн.02;27.1 / 29.6;;;;18.7 / 19.5;;;;0.61 / 0.62;;Techtronix 100;27600 / 16800;;;;6033;Складская техника;Вилочные погрузчики
13717;Автопогрузчик Yale GLP40VX5;Y;text;avtopogruzchik-Yale-GLP40VX5-2;500;;474;;;2570;;2258;;;1402;GM 4.3L;;;2945;;;;;;;;;;77;;4000;;;;июн.02;32.7 / 29.6;;;;23.4 / 24.4;;;;0.61 / 0.62;;Techtronix 100X;33500 / 16800;;;;6033;Складская техника;Вилочные погрузчики
13718;Автопогрузчик Yale GLP40VX5;Y;text;avtopogruzchik-Yale-GLP40VX5-3;500;;474;;;2570;;2258;;;1402;GM 4.3L;;;2945;;;;;;;;;;77;;4000;;;;июн.02;42.0 / 29.6;;;;21.8 / 22.8;;;;0.61 / 0.62;;Techtronix 200X;44200 / 16800;;;;6033;Складская техника;Вилочные погрузчики
13915;Автопогрузчик Yale GLP40VX6;Y;text;avtopogruzchik-Yale-GLP40VX6;500;;474;;;2599;;2258;;;1402;GM 4.3L;;;2976;;;;;;;;;;77;;4000;;;;июн.02;25.4 / 28.1;;;;18.7 / 19.5;;;;0.61 / 0.62;;Techtronix 100;27500 / 16500;;;;6243;Складская техника;Вилочные погрузчики
13720;Автопогрузчик Yale GLP40VX6;Y;text;avtopogruzchik-Yale-GLP40VX6-2;500;;474;;;2599;;2258;;;1402;GM 4.3L;;;2976;;;;;;;;;;77;;4000;;;;июн.02;30.5 / 28.1;;;;23.3 / 24.4;;;;0.61 / 0.62;;Techtronix 100X;33400 / 16500;;;;6243;Складская техника;Вилочные погрузчики
13721;Автопогрузчик Yale GLP40VX6;Y;text;avtopogruzchik-Yale-GLP40VX6-3;500;;474;;;2599;;2258;;;1402;GM 4.3L;;;2976;;;;;;;;;;77;;4000;;;;июн.02;39.1 / 28.1;;;;21.8 / 22.8;;;;0.61 / 0.62;;Techtronix 200X;44100 / 16500;;;;6243;Складская техника;Вилочные погрузчики
13722;Автопогрузчик Yale GLP45SVX5;Y;text;avtopogruzchik-Yale-GLP45SVX5;500;;474;;;2619;;2258;;;1402;GM 4.3L;;;2997;;;;;;;;;;77;;4500;;;;июн.02;24.8 / 27.1;;;;18.7 / 19.5;;;;0.56 / 0.57;;Techtronix 100;27500 / 16300;;;;6368;Складская техника;Вилочные погрузчики
13723;Автопогрузчик Yale GLP45SVX5;Y;text;avtopogruzchik-Yale-GLP45SVX5-2;500;;474;;;2619;;2258;;;1402;GM 4.3L;;;2997;;;;;;;;;;77;;4500;;;;июн.02;29.8 / 27.1;;;;23.3 / 24.4;;;;0.56 / 0.57;;Techtronix 100X;33400 / 16300;;;;6368;Складская техника;Вилочные погрузчики
13724;Автопогрузчик Yale GLP45SVX5;Y;text;avtopogruzchik-Yale-GLP45SVX5-3;500;;474;;;2619;;2258;;;1402;GM 4.3L;;;2997;;;;;;;;;;77;;4500;;;;июн.02;38.2 / 27.1;;;;21.8 / 22.8;;;;0.56 / 0.57;;Techtronix 200X;44100 / 16300;;;;6368;Складская техника;Вилочные погрузчики
13725;Автопогрузчик Yale GLP45VX6;Y;text;avtopogruzchik-Yale-GLP45VX6;500;;474;;;2837;;2300;;;1450;GM 4.3L;;;3256;;;;;;;;;;77;;4500;;;;июн.02;22.9 / 31.1;;;;18.2 / 18.5;;;;0.56 / 0.57;;Techtronix 100;28100 / 20200;;;;6939;Складская техника;Вилочные погрузчики
13726;Автопогрузчик Yale GLP45VX6;Y;text;avtopogruzchik-Yale-GLP45VX6-2;500;;474;;;2837;;2300;;;1450;GM 4.3L;;;3256;;;;;;;;;;77;;4500;;;;июн.02;27.5 / 31.1;;;;22.7 / 23.2;;;;0.56 / 0.57;;Techtronix 100X;34100 / 20200;;;;6939;Складская техника;Вилочные погрузчики
13727;Автопогрузчик Yale GLP45VX6;Y;text;avtopogruzchik-Yale-GLP45VX6-3;500;;474;;;2837;;2300;;;1450;GM 4.3L;;;3256;;;;;;;;;;77;;4500;;;;июн.02;30.1 / 31.1;;;;22.7 / 23.2;;;;0.56 / 0.57;;Techtronix 200X;39400 / 20200;;;;6939;Складская техника;Вилочные погрузчики
13728;Автопогрузчик Yale GLP50VX;Y;text;avtopogruzchik-Yale-GLP50VX;500;;474;;;2877;;2300;;;1450;GM 4.3L;;;3299;;;;;;;;;;77;;5000;;;;июн.02;21.3 / 29.4;;;;18.2 / 18.5;;;;0.56 / 0.57;;Techtronix 100;28000 / 20000;;;;7244;Складская техника;Вилочные погрузчики
13916;Автопогрузчик Yale GLP50VX;Y;text;avtopogruzchik-Yale-GLP50VX-2;500;;474;;;2877;;2300;;;1450;GM 4.3L;;;3299;;;;;;;;;;77;;5000;;;;июн.02;25.5 / 29.4;;;;22.7 / 23.2;;;;0.56 / 0.57;;Techtronix 100X;34000 / 20000;;;;7244;Складская техника;Вилочные погрузчики
13917;Автопогрузчик Yale GLP50VX;Y;text;avtopogruzchik-Yale-GLP50VX-3;500;;474;;;2877;;2300;;;1450;GM 4.3L;;;3299;;;;;;;;;;77;;5000;;;;июн.02;26.4 / 29.4;;;;22.7 / 23.2;;;;0.56 / 0.57;;Techtronix 200X;39400 / 20000;;;;7244;Складская техника;Вилочные погрузчики
13731;Автопогрузчик Yale GLP55VX;Y;text;avtopogruzchik-Yale-GLP55VX;500;;474;;;2915;;2300;;;1450;GM 4.3L;;;3340;;;;;;;;;;77;;5500;;;;июн.02;21.7/27.7;;;;18.2 / 18.5;;;;0.56 / 0.57;;Techtronix 100;28000 / 19700;;;;7529;Складская техника;Вилочные погрузчики
13732;Автопогрузчик Yale GLP55VX;Y;text;avtopogruzchik-Yale-GLP55VX-2;500;;474;;;2915;;2300;;;1450;GM 4.3L;;;3340;;;;;;;;;;77;;5500;;;;июн.02;26.1 / 27.7;;;;22.7 / 23.2;;;;0.56 / 0.57;;Techtronix 100X;34000 / 19700;;;;7529;Складская техника;Вилочные погрузчики
13733;Автопогрузчик Yale GLP55VX;Y;text;avtopogruzchik-Yale-GLP55VX-3;500;;474;;;2915;;2300;;;1450;GM 4.3L;;;3340;;;;;;;;;;77;;5500;;;;июн.02;28.5 / 27.7;;;;22.7 / 23.2;;;;0.56 / 0.57;;Techtronix 200X;39400 / 19700;;;;7529;Складская техника;Вилочные погрузчики
13734;Автопогрузчик Yale GLP60VX;Y;text;avtopogruzchik-Yale-GLP60VX;500;;474;5321;;3320;;2531;;;2082;GM 4.3L;;;3605;;;;;;;;;;75;;6000;;;;июн.02;24,5 / 31,9;;;;22,0 / 22,5;;;;0,53 / 0,54;;двухскоростная АКПП с плавным реверсом;35500 / 27176;;;;8900;Складская техника;Вилочные погрузчики
13735;Автопогрузчик Yale GLP60VX;Y;text;avtopogruzchik-Yale-GLP60VX-2;500;;474;5321;;3320;;2531;;;2082;GM 4.3L;;;3605;;;;;;;;;;75;;6000;;;;июн.02;31,2 / 31,9;;;;25,1 / 25,7;;;;0,53 / 0,54;;Techtronix 332 (трехскоростная) / Techtronix 332+ (трехскоростная);44500 / 27176;;;;8900;Складская техника;Вилочные погрузчики
13736;Автопогрузчик Yale GLP70VX;Y;text;avtopogruzchik-Yale-GLP70VX;500;;474;5389;;3388;;2531;;;2082;GM 4.3L;;;3669;;;;;;;;;;75;;7000;;;;июн.02;22,1 / 29,1;;;;22,0 / 22,5;;;;0,53 / 0,54;;двухскоростная АКПП;35253 / 26476;;;;9410;Складская техника;Вилочные погрузчики
13737;Автопогрузчик Yale GLP70VX;Y;text;avtopogruzchik-Yale-GLP70VX-3;500;;474;5389;;3388;;2531;;;2082;GM 4.3L;;;3669;;;;;;;;;;75;;7000;;;;июн.02;25,1 / 29,1;;;;25,1 / 25,7;;;;0,53 / 0,54;;Techtronix 332 (трехскоростная) / Techtronix 332+ (трехскоростная);44500 / 26476;;;;9410;Складская техника;Вилочные погрузчики
13738;Автопогрузчик Yale GLP80VX-6;Y;text;avtopogruzchik-Yale-GLP80VX-6;500;;474;5686,5;;3673;;2531;;;2239;GM 5.7L;;;3896,5;;;;;;;;;;97;;8000;;;;авг.35;30,0 / 31,0;;;;22,9 / 23,5;;;;0,35 / 0,42;;Techtronix 332 / Techtronix 332+;53,0 / 32,0;;;;11340;Складская техника;Вилочные погрузчики
13739;Автопогрузчик Yale GLP80VX-9;Y;text;avtopogruzchik-Yale-GLP80VX-9;500;;474;5858,5;;3794;;2531;;;2239;GM 5.7L;;;4089;;;;;;;;;;97;;8000;;;;авг.35;28,0 / 27,0;;;;22,9 / 23,5;;;;0,36 / 0,44;;Techtronix 332 / Techtronix 332+;53,0 / 31,0;;;;12250;Складская техника;Вилочные погрузчики
13740;Автопогрузчик Yale GLP90VX-6;Y;text;avtopogruzchik-Yale-GLP90VX-6;500;;474;5736,5;;3723;;2531;;;2239;GM 5.7L;;;3958,1;;;;;;;;;;97;;9000;;;;авг.35;27,0 / 28,0;;;;22,9 / 23,5;;;;0,35 / 0,42;;Techtronix 332 / Techtronix 332+;53,0 / 31,0;;;;11705;Складская техника;Вилочные погрузчики
13741;Автопогрузчик Yale GLC 40VX;Y;text;avtopogruzchik-Yale-GLC-40VX;500;;474;;;;;;;;;;;;;;;;;;;;;;;;;;;;;;;;;;;;;;;;;;;;;Складская техника;Вилочные погрузчики
13742;Автопогрузчик Yale GLC 45VX;Y;text;avtopogruzchik-Yale-GLC-45VX;500;;474;;;;;;;;;;;;;;;;;;;;;;;;;;;;;;;;;;;;;;;;;;;;;Складская техника;Вилочные погрузчики
13743;Автопогрузчик Yale GLC 50VX;Y;text;avtopogruzchik-Yale-GLC-50VX;500;;474;;;;;;;;;;;;;;;;;;;;;;;;;;;;;;;;;;;;;;;;;;;;;Складская техника;Вилочные погрузчики
13744;Автопогрузчик Yale GLC 55VXS;Y;text;avtopogruzchik-Yale-GLC-55VXS;500;;474;;;;;;;;;;;;;;;;;;;;;;;;;;;;;;;;;;;;;;;;;;;;;Складская техника;Вилочные погрузчики
13745;Автопогрузчик Yale GLC 60VX;Y;text;avtopogruzchik-Yale-GLC-60VX;500;;474;;;;;;;;;;;;;;;;;;;;;;;;;;;;;;;;;;;;;;;;;;;;;Складская техника;Вилочные погрузчики
13746;Автопогрузчик Yale GLC 70VX;Y;text;avtopogruzchik-Yale-GLC-70VX;500;;474;;;;;;;;;;;;;;;;;;;;;;;;;;;;;;;;;;;;;;;;;;;;;Складская техника;Вилочные погрузчики
13747;Автопогрузчик Yale GDP40VX5;Y;text;avtopogruzchik-Yale-GDP40VX5;500;;474;5321;;2570;;2258;;;1402;Cummins QSB3.3L;;;2945;;;;;;;;;;60;;4000;;;;апр.61;27.1 / 29.6;;;;18.7 / 19.5;;;;0.60 / 0.66;;Techtronix 100;28600 / 17500;;;;6298;Складская техника;Вилочные погрузчики
13748;Автопогрузчик Yale GDP40VX5;Y;text;avtopogruzchik-Yale-GDP40VX5-2;500;;474;5321;;2570;;2258;;;1402;Cummins QSB3.3L;;;2945;;;;;;;;;;60;;4000;;;;апр.61;34.4 / 28.7;;;;20.7 / 21.6;;;;0.60 / 0.66;;Techtronix 100X;38700 / 18000;;;;6298;Складская техника;Вилочные погрузчики
13749;Автопогрузчик Yale GDP40VX5;Y;text;avtopogruzchik-Yale-GDP40VX5-3;500;;474;5321;;2570;;2258;;;1402;Cummins QSB3.3L;;;2945;;;;;;;;;;60;;4000;;;;апр.61;28.5 / 29.6;;;;19.6 / 20.4;;;;0.60 / 0.66;;Techtronix 200X;26700 / 17500;;;;6298;Складская техника;Вилочные погрузчики
13750;Автопогрузчик Yale GDP40VX6;Y;text;avtopogruzchik-Yale-GDP40VX6;500;;474;5321;;2599;;2258;;;1402;Cummins QSB3.3L;;;2976;;;;;;;;;;60;;4000;;;;апр.61;24.8 / 27.1;;;;18.7 / 19.5;;;;0.60 / 0.66;;Techtronix 100;28500 / 17000;;;;6672;Складская техника;Вилочные погрузчики
13751;Автопогрузчик Yale GDP40VX6;Y;text;avtopogruzchik-Yale-GDP40VX6-2;500;;474;5321;;2599;;2258;;;1402;Cummins QSB3.3L;;;2976;;;;;;;;;;60;;4000;;;;апр.61;34.4 / 28.7;;;;20.7 / 21.6;;;;0.60 / 0.66;;Techtronix 100X;38700 / 18000;;;;6672;Складская техника;Вилочные погрузчики
13752;Автопогрузчик Yale GDP40VX6;Y;text;avtopogruzchik-Yale-GDP40VX6-3;500;;474;5321;;2599;;2258;;;1402;Cummins QSB3.3L;;;2976;;;;;;;;;;60;;4000;;;;апр.61;27.4 / 28.7;;;;19.6 / 20.4;;;;0.60 / 0.66;;Techtronix 200X;26700 / 18000;;;;6672;Складская техника;Вилочные погрузчики
13753;Автопогрузчик Yale GDP45SVX5;Y;text;avtopogruzchik-Yale-GDP45SVX5;500;;474;5321;;2619;;2258;;;1402;Cummins QSB3.3L;;;2997;;;;;;;;;;60;;4500;;;;апр.61;24.8 / 27.1;;;;18.7 / 19.5;;;;0.48 / 0.53;;Techtronix 100;28500 / 17000;;;;6630;Складская техника;Вилочные погрузчики
13754;Автопогрузчик Yale GDP45SVX5;Y;text;avtopogruzchik-Yale-GDP45SVX5-2;500;;474;5321;;2619;;2258;;;1402;Cummins QSB3.3L;;;2997;;;;;;;;;;60;;4500;;;;апр.61;32.8 / 27.1;;;;20.7 / 21.6;;;;0.48 / 0.53;;Techtronix 100X;38700 / 17000;;;;6630;Складская техника;Вилочные погрузчики
13755;Автопогрузчик Yale GDP45SVX5;Y;text;avtopogruzchik-Yale-GDP45SVX5-3;500;;474;5321;;2619;;2258;;;1402;Cummins QSB3.3L;;;2997;;;;;;;;;;60;;4500;;;;апр.61;26.6 / 27.1;;;;19.6 / 20.4;;;;0.48 / 0.53;;Techtronix 200X;26700 / 17000;;;;6630;Складская техника;Вилочные погрузчики
13756;Автопогрузчик Yale GDP45VX6;Y;text;avtopogruzchik-Yale-GDP45VX6;500;;474;5321;;2837;;2300;;;1450;Cummins QSB3.3L;;;3256;;;;;;;;;;60;;4500;;;;апр.61;23.0 / 31.5;;;;18.1 / 18.4;;;;0.48 / 0.53;;Techtronix 100;29200 / 21300;;;;7224;Складская техника;Вилочные погрузчики
13757;Автопогрузчик Yale GDP45VX6;Y;text;avtopogruzchik-Yale-GDP45VX6-2;500;;474;5321;;2837;;2300;;;1450;Cummins QSB3.3L;;;3256;;;;;;;;;;60;;4500;;;;апр.61;27.4 / 31.5;;;;22.6 / 23.1;;;;0.4 0.53;;Techtronix 100X;35500 / 21300;;;;7224;Складская техника;Вилочные погрузчики
13758;Автопогрузчик Yale GDP45VX6;Y;text;avtopogruzchik-Yale-GDP45VX6-3;500;;474;5321;;2837;;2300;;;1450;Cummins QSB3.3L;;;3256;;;;;;;;;;60;;4500;;;;апр.61;23.0 / 31.5;;;;20.4 / 20.8;;;;0.48 / 0.53;;Techtronix 200X;25800 / 21300;;;;7224;Складская техника;Вилочные погрузчики
13759;Автопогрузчик Yale GDP50VX;Y;text;avtopogruzchik-Yale-GDP50VX;500;;474;5321;;2877;;2300;;;1450;Cummins QSB3.3L;;;3299;;;;;;;;;;60;;5000;;;;апр.61;21.5 / 29.6;;;;18.1 / 18.4;;;;0.48 / 0.53;;Techtronix 100;29100 / 20900;;;;7523;Складская техника;Вилочные погрузчики
13760;Автопогрузчик Yale GDP50VX;Y;text;avtopogruzchik-Yale-GDP50VX-2;500;;474;5321;;2877;;2300;;;1450;Cummins QSB3.3L;;;3299;;;;;;;;;;60;;5000;;;;апр.61;25.5 / 29.6;;;;22.6 / 23.1;;;;0.48 / 0.53;;Techtronix 100X;35400 / 20900;;;;7523;Складская техника;Вилочные погрузчики
13761;Автопогрузчик Yale GDP50VX;Y;text;avtopogruzchik-Yale-GDP50VX-3;500;;474;5321;;2877;;2300;;;1450;Cummins QSB3.3L;;;3299;;;;;;;;;;60;;5000;;;;апр.61;21.5 / 29.6;;;;20.4 / 20.8;;;;0.48 / 0.53;;Techtronix 200X;25800 / 20900;;;;7523;Складская техника;Вилочные погрузчики
13762;Автопогрузчик Yale GDP55VX;Y;text;avtopogruzchik-Yale-GDP55VX;500;;474;5321;;2915;;2300;;;1450;Cummins QSB3.3L;;;3340;;;;;;;;;;60;;5500;;;;апр.61;20.1 / 27.9;;;;18.1 / 18.4;;;;0.48 / 0.53;;Techtronix 100;29000 / 20600;;;;7808;Складская техника;Вилочные погрузчики
13763;Автопогрузчик Yale GDP55VX;Y;text;avtopogruzchik-Yale-GDP55VX-2;500;;474;5321;;2915;;2300;;;1450;Cummins QSB3.3L;;;3340;;;;;;;;;;60;;5500;;;;апр.61;23.9 / 27.9;;;;22.6 / 23.1;;;;0.48 / 0.53;;Techtronix 100X;35200 / 20600;;;;7808;Складская техника;Вилочные погрузчики
13764;Автопогрузчик Yale GDP55VX;Y;text;avtopogruzchik-Yale-GDP55VX-3;500;;474;5321;;2915;;2300;;;1450;Cummins QSB3.3L;;;3340;;;;;;;;;;60;;5500;;;;апр.61;20.3 / 27.9;;;;20.4 / 20.8;;;;0.48 / 0.53;;Techtronix 200X;25800 / 20600;;;;7808;Складская техника;Вилочные погрузчики
13765;Автопогрузчик Yale GDP60VX;Y;text;avtopogruzchik-Yale-GDP60VX;500;;474;5321;;3320;;2531;;;2082;Kubota 3.6L / Kubota 3.8L;;;3605;;;;;;;;;;62 / 70;;6000;;;;4 / 3620 / 4 / 3769;27,6 / 31,9 / 29,9 / 31,9;;;;23,2 / 23,8 / 21,2 / 21,6;;;;0,52 / 0,55 / 0,48 / 0,49;;двухскоростная АКПП / двухскоростная АКПП с плавным реверсом;39269 / 26950 / 42147 / 26950;;;;8950;Складская техника;Вилочные погрузчики
13766;Автопогрузчик Yale GDP60VX;Y;text;avtopogruzchik-Yale-GDP60VX-2;500;;474;5321;;3320;;2531;;;2082;Kubota 3.8L;;;3605;;;;;;;;;;70;;6000;;;;апр.69;31,3 / 31,9;;;;23,0 / 23,7;;;;0,48 / 0,49;;Techtronix 332 (трехскоростная) / Techtronix 332+ (трехскоростная);44480 / 26950;;;;8950;Складская техника;Вилочные погрузчики
13767;Автопогрузчик Yale GDP70VX;Y;text;avtopogruzchik-Yale-GDP70VX;500;;474;5389;;3388;;2531;;;2082;Kubota 3.6L / Kubota 3.8L;;;3669;;;;;;;;;;62 / 70;;7000;;;;4 / 3620 / 4 / 3769;24,9 / 29,1 / 26,9 / 29,1;;;;23,2 / 23,8 / 21,1 / 21,6;;;;0,49 / 0,55 / 0,48 / 0,49;;двухскоростная АКПП / двухскоростная АКПП с плавным реверсом;39029 / 26620 / 41907 / 26220;;;;9462;Складская техника;Вилочные погрузчики
13768;Автопогрузчик Yale GDP80VX-6;Y;text;avtopogruzchik-Yale-GDP80VX-6;500;;474;5686,5;;3673;;2531;;;2239;Cummins QSB3.3;;;3896,5;;;;;;;;;;82;;8000;;;;апр.61;29,5 / 30,5;;;;23,2 / 23,8;;;;0,43 / 0,45;;Techtronix 332;53,4 / 32,2;;;;11259;Складская техника;Вилочные погрузчики
13769;Автопогрузчик Yale GDP80VX-6;Y;text;avtopogruzchik-Yale-GDP80VX-6-2;500;;474;5686,5;;3673;;2531;;;2239;Kubota 3.8L;;;3896,5;;;;;;;;;;82;;8000;;;;апр.69;29,5 / 30,5;;;;23,2 / 23,8;;;;0,43 / 0,45;;Techtronix 332 / Techtronix 332+;53,4 / 32,2;;;;11259;Складская техника;Вилочные погрузчики
13770;Автопогрузчик Yale GDP80VX-9;Y;text;avtopogruzchik-Yale-GDP80VX-9;500;;474;5858,5;;3794;;2531;;;2239;Cummins QSB3.3;;;4089;;;;;;;;;;82;;8000;;;;апр.61;28,1 / 26,6;;;;23,2 / 23,8;;;;0,42 / 0,45;;Techtronix 332;53,4 / 30,6;;;;12169;Складская техника;Вилочные погрузчики
13771;Автопогрузчик Yale GDP80VX-9;Y;text;avtopogruzchik-Yale-GDP80VX-9-2;500;;474;5858,5;;3794;;2531;;;2239;Kubota 3.8L;;;4089;;;;;;;;;;82;;8000;;;;апр.69;28,1 / 26,6;;;;23,2 / 23,8;;;;0,42 / 0,45;;Techtronix 332 / Techtronix 332+;53,4 / 30,6;;;;12169;Складская техника;Вилочные погрузчики
13772;Автопогрузчик Yale GDP90VX;Y;text;avtopogruzchik-Yale-GDP90VX;500;;474;5736,5;;3723;;2531;;;2239;Cummins QSB3.3;;;3958,1;;;;;;;;;;82;;9000;;;;апр.61;27,2 / 28,4;;;;23,2 / 23,8;;;;0,42 / 0,45;;Techtronix 332;53,4 / 31,4;;;;11624;Складская техника;Вилочные погрузчики
13773;Автопогрузчик Yale GDP90VX;Y;text;avtopogruzchik-Yale-GDP90VX-2;500;;474;5736,5;;3723;;2531;;;2239;Kubota 3.8L;;;3958,1;;;;;;;;;;82;;9000;;;;апр.69;27,2 / 28,4;;;;23,2 / 23,8;;;;0,42 / 0,45;;Techtronix 332 / Techtronix 332+;53,4 / 30,6;;;;11624;Складская техника;Вилочные погрузчики
13774;Автопогрузчик Yale GDC 60VX;Y;text;avtopogruzchik-Yale-GDC-60VX;500;;474;;;;;;;;;;;;;;;;;;;;;;;;;;;;;;;;;;;;;;;;;;;;;Складская техника;Вилочные погрузчики
13775;Автопогрузчик Yale GDC 70VX;Y;text;avtopogruzchik-Yale-GDC-70VX;500;;474;;;;;;;;;;;;;;;;;;;;;;;;;;;;;;;;;;;;;;;;;;;;;Складская техника;Вилочные погрузчики
13776;Автопогрузчик Yale GDP100DC;Y;text;avtopogruzchik-Yale-GDP100DC;500;;474;;;4111;597 / 1500;3033;;;2484;Cummins QSB6.7;;;4494;;;;;;;;;;116;;10000;;;;июн.00;46 / 31;;;;25 / 29.7;;;;0.35 / 0.40;;SOH TE12;99800 / 41200;;;;14589;Складская техника;Вилочные погрузчики
13777;Автопогрузчик Yale GDP100DC;Y;text;avtopogruzchik-Yale-GDP100DC-2;500;;474;;;4111;597 / 1500;3033;;;2446;Cummins QSB6.7;;;4494;;;;;;;;;;116;;10000;;;;июн.00;49 / 31;;;;30.6 / 32.0;;;;0.35 / 0.40;;ZF 3WG163;110400 / 41200;;;;14589;Складская техника;Вилочные погрузчики
13778;Автопогрузчик Yale GDP100DCS;Y;text;avtopogruzchik-Yale-GDP100DCS;500;;474;;;3914;597 / 1500;3033;;;2484;Cummins QSB6.7;;;4329;;;;;;;;;;116;;10000;;;;июн.00;46 / 31;;;;25 / 29.7;;;;0.35 / 0.40;;SOH TE13;99800 / 41200;;;;15096;Складская техника;Вилочные погрузчики
13779;Автопогрузчик Yale GDP100DCS;Y;text;avtopogruzchik-Yale-GDP100DCS-2;500;;474;;;3914;597 / 1500;3033;;;2446;Cummins QSB6.7;;;4329;;;;;;;;;;116;;10000;;;;июн.00;49 / 31;;;;30.6 / 32.0;;;;0.35 / 0.40;;ZF 3WG164;110400 / 41200;;;;15096;Складская техника;Вилочные погрузчики
13780;Автопогрузчик Yale GDP120DC;Y;text;avtopogruzchik-Yale-GDP120DC;500;;474;;;4111;597 / 1500;3033;;;2484;Cummins QSB6.7;;;4494;;;;;;;;;;116;;12000;;;;июн.00;38 / 30;;;;25.0 / 29.7;;;;0.35 / 0.40;;SOH TE14;99200 / 44900;;;;15444;Складская техника;Вилочные погрузчики
13781;Автопогрузчик Yale GDP120DC;Y;text;avtopogruzchik-Yale-GDP120DC-2;500;;474;;;4111;597 / 1500;3033;;;2446;Cummins QSB6.7;;;4494;;;;;;;;;;116;;12000;;;;июн.00;46 / 30;;;;30.3 / 32.0;;;;0.35 / 0.40;;ZF 3WG165;110400 / 44900;;;;15444;Складская техника;Вилочные погрузчики
13782;Автопогрузчик Yale GDP80DC;Y;text;avtopogruzchik-Yale-GDP80DC;500;;474;;;3914;597 / 1500;3015;;;2463;Cummins QSB6.7;;;4294;;;;;;;;;;116;;8000;;;;июн.00;63 / 32;;;;26.4 / 28.1;;;;0.46 / 0.52;;SOH TE10;36000;;;;12389;Складская техника;Вилочные погрузчики
13783;Автопогрузчик Yale GDP80DC;Y;text;avtopogruzchik-Yale-GDP80DC-2;500;;474;;;3914;597 / 1500;3015;;;2425;Cummins QSB6.7;;;4294;;;;;;;;;;116;;8000;;;;июн.00;69 / 32;;;;30.5 / 31.2;;;;0.46 / 0.52;;ZF 3WG161;36000;;;;12389;Складская техника;Вилочные погрузчики
13784;Автопогрузчик Yale GDP90DC;Y;text;avtopogruzchik-Yale-GDP90DC;500;;474;;;3914;597 / 1500;3015;;;2463;Cummins QSB6.7;;;4294;;;;;;;;;;116;;9000;;;;июн.00;57 / 31;;;;26.4 / 28.1;;;;0.46 / 0.52;;SOH TE10;36500;;;;12704;Складская техника;Вилочные погрузчики
13785;Автопогрузчик Yale GDP90DC;Y;text;avtopogruzchik-Yale-GDP90DC-2;500;;474;;;3914;597 / 1500;3015;;;2425;Cummins QSB6.7;;;4294;;;;;;;;;;116;;9000;;;;июн.00;63 / 31;;;;30.5 / 31.2;;;;0.46 / 0.52;;ZF 3WG161;36500;;;;12704;Складская техника;Вилочные погрузчики
13786;Автопогрузчик Yale GDP130EC;Y;text;avtopogruzchik-Yale-GDP130EC;500;;474;;;4584;597 / 1500;3043;;;2598;Cummins QSB6.7;;;5005;;;;;;;;;;116;;13000;;;;июн.00;45 / 33;;;;24.5 / 27.6;;;;0.28 / 0.42;;SOH TE15;51400;;;;18061;Складская техника;Вилочные погрузчики
13787;Автопогрузчик Yale GDP130EC;Y;text;avtopogruzchik-Yale-GDP130EC-2;500;;474;;;4584;597 / 1500;3043;;;2589;Cummins QSB6.7;;;5005;;;;;;;;;;116;;13000;;;;июн.00;46 / 33;;;;26.6 / 28.0;;;;н/д;;ZF 3WG166;51400;;;;18061;Складская техника;Вилочные погрузчики
13788;Автопогрузчик Yale GDP140EC;Y;text;avtopogruzchik-Yale-GDP140EC;500;;474;;;4584;597 / 1500;3064;;;2607;Cummins QSB6.7;;;5005;;;;;;;;;;116;;14000;;;;июн.00;38 / 33;;;;23.4 / 27.3;;;;0.28 / 0.42;;SOH TE15;52900;;;;18792;Складская техника;Вилочные погрузчики
13789;Автопогрузчик Yale GDP140EC;Y;text;avtopogruzchik-Yale-GDP140EC-2;500;;474;;;4584;597 / 1500;3064;;;2607;Cummins QSB6.7;;;5005;;;;;;;;;;116;;14000;;;;июн.00;41 / 33;;;;26.6 / 28.0;;;;н/д;;ZF 3WG166;52900;;;;18792;Складская техника;Вилочные погрузчики
13790;Автопогрузчик Yale GDP160EC;Y;text;avtopogruzchik-Yale-GDP160EC;500;;474;;;4584;597 / 1500;3064;;;2607;Cummins QSB6.7;;;5005;;;;;;;;;;116;;16000;;;;июн.00;35 / 31;;;;23.4 / 27.3;;;;0.28 / 0.42;;SOH TE17;53800;;;;19847;Складская техника;Вилочные погрузчики
13791;Автопогрузчик Yale GDP160EC;Y;text;avtopogruzchik-Yale-GDP160EC-2;500;;474;;;4584;597 / 1500;3064;;;2607;Cummins QSB6.7;;;5005;;;;;;;;;;116;;16000;;;;июн.00;37 / 31;;;;26.6 / 27.9;;;;н/д;;ZF 3WG168;53800;;;;19847;Складская техника;Вилочные погрузчики
13693;Электрический погрузчик Yale ERP13VC;Y;text;elektricheskiy-pogruzchik-yale-erp13vc;500;;474;3176;;1398;;2060;;;996 / 1056;;;;1724;735;875;;;1168;;570;;6.0;4,7;24;1250;;;;;14 / 20;4,7;;;12.0 / 12.5;;;;0.32 / 0.51;;;1150 / 1100;;;;2700;Складская техника;Вилочные погрузчики
13793;Электрический погрузчик Yale ERP15VC;Y;text;elektricheskij-pogruzchik-Yale-ERP15VC;500;;474;3230;;1452;;2060;;;996 / 1056;;;;1778;840;1000;;;1222;;642;;6.0;4,7;24;1500;;;;;13 / 20;4,7;;;12.0 / 12.5;;;;0.30 / 0.51;;;1150 / 1060;;;;2905;Складская техника;Вилочные погрузчики
13794;Электрический погрузчик Yale ERP15VT SWB;Y;text;elektricheskij-pogruzchik-Yale-ERP15VT-SWB;500;;474;3254;;1476;;2070;;;1050;;;;1805;500;420;;;1290;;673;;12;2 x 5.0;48;1500;;;;;25 / 34;2 x 5.0;;;16 / 16;;;;0.45 / 0.58;;;3238 / 3470;;;;3032;Складская техника;Вилочные погрузчики
13795;Электрический погрузчик Yale ERP16VT SWB;Y;text;elektricheskij-pogruzchik-Yale-ERP16VT-SWB;500;;474;3254;;1476;;2070;;;1050;;;;1805;700;500;;;1290;;673;;12;2 x 5.0;48;1600;;;;;25 / 34;2 x 5.0;;;16 / 16;;;;0.45 / 0.58;;;3238 / 3470;;;;3032;Складская техника;Вилочные погрузчики
13796;Электрический погрузчик Yale ERP16VT MWB;Y;text;elektricheskij-pogruzchik-Yale-ERP16VT-MWB;500;;474;3353;;1575;;2070;;;1050;;;;1901;750;625;;;1385;;813;;12;2 x 5.0;48;1600;;;;;25 / 34;2 x 5.0;;;16 / 16;;;;0.45 / 0.58;;;2989 / 3261;;;;3233;Складская техника;Вилочные погрузчики
13797;Электрический погрузчик Yale ERP16VT LWB;Y;text;elektricheskij-pogruzchik-Yale-ERP16VT-LWB;500;;474;3454;;1676;;2070;;;1050;;;;2004;900;690;;;1495;;962;;12;2 x 5.0;48;1600;;;;;25 / 34;2 x 5.0;;;16 / 16;;;;0.45 / 0.58;;;3406 / 3680;;;;3252;Складская техника;Вилочные погрузчики
13798;Электрический погрузчик Yale ERP18VT MWB;Y;text;elektricheskij-pogruzchik-Yale-ERP18VT-MWB;500;;474;3353;;1575;;2070;;;1050;;;;1901;750;625;;;1385;;813;;12;2 x 5.0;48;1800;;;;;25 / 34;2 x 5.0;;;16 / 16;;;;0.40 / 0.58;;;2989 / 3261;;;;3278;Складская техника;Вилочные погрузчики
13799;Электрический погрузчик Yale ERP18VT LWB;Y;text;elektricheskij-pogruzchik-Yale-ERP18VT-LWB;500;;474;3454;;1676;;2070;;;1050;;;;2004;900;690;;;1495;;962;;12;2 x 5.0;48;1800;;;;;25 / 34;2 x 5.0;;;16 / 16;;;;0.40 / 0.58;;;3337 / 3646;;;;3297;Складская техника;Вилочные погрузчики
13800;Электрический погрузчик Yale ERP20VT MWB;Y;text;elektricheskij-pogruzchik-Yale-ERP20VT-MWB;500;;474;3353;;1575;;2070;;;1116;;;;1901;750;625;;;1385;;813;;12;2 x 5.0;48;2000;;;;;25 / 34;2 x 5.0;;;16 / 16;;;;0.40 / 0.58;;;3260 / 3603;;;;3534;Складская техника;Вилочные погрузчики
13801;Электрический погрузчик Yale ERP20VT LWB;Y;text;elektricheskij-pogruzchik-Yale-ERP20VT-LWB;500;;474;3454;;1676;;2070;;;1116;;;;2004;900;690;;;1495;;962;;12;2 x 5.0;48;2000;;;;;25 / 34;2 x 5.0;;;16 / 16;;;;0.40 / 0.58;;;3294 / 3637;;;;3297;Складская техника;Вилочные погрузчики
13802;Электрический погрузчик Yale ERP16VF MWB;Y;text;elektricheskij-pogruzchik-Yale-ERP16VF-MWB;500;;474;3409;;1654;;2070;;;1076 / 1146;;;;1981;625;575;;;1431;;813 / 899;;12;2 x 5.0;48;1600;;;;;25 / 34;2 x 5.0;;;16 / 16;;;;0.37 / 0.61;;;3406 / 3680;;;;3099;Складская техника;Вилочные погрузчики
13803;Электрический погрузчик Yale ERP16VF LWB;Y;text;elektricheskij-pogruzchik-Yale-ERP16VF-LWB;500;;474;3517;;1762;;2070;;;1076 / 1146;;;;2088;750;690;;;1539;;962 / 1064;;12;2 x 5.0;48;1600;;;;;25 / 34;2 x 5.0;;;16 / 16;;;;0.37 / 0.61;;;3406 / 3680;;;;3288;Складская техника;Вилочные погрузчики
13804;Электрический погрузчик Yale ERP18VF MWB;Y;text;elektricheskij-pogruzchik-Yale-ERP18VF-MWB;500;;474;3409;;1654;;2070;;;1076 / 1146;;;;1981;625;575;;;1431;;813 / 899;;12;2 x 5.0;48;1800;;;;;25 / 34;2 x 5.0;;;16 / 16;;;;0.42 / 0.65;;;3337 / 3646;;;;3286;Складская техника;Вилочные погрузчики
13805;Электрический погрузчик Yale ERP18VF LWB;Y;text;elektricheskij-pogruzchik-Yale-ERP18VF-LWB;500;;474;3517;;1762;;2070;;;1076 / 1146;;;;2088;750;690;;;1539;;962 / 1064;;12;2 x 5.0;48;1800;;;;;25 / 34;2 x 5.0;;;16 / 16;;;;0.42 / 0.65;;;3406 / 3680;;;;3333;Складская техника;Вилочные погрузчики
13806;Электрический погрузчик Yale ERP20VF LWB;Y;text;elektricheskij-pogruzchik-Yale-ERP20VF-LWB;500;;474;3517;;1762;;2070;;;1076 / 1146;;;;2088;900;690;;;1539;;962 / 1064;;12;2 x 5.0;48;2000;;;;;25 / 34;2 x 5.0;;;16 / 16;;;;0.34 / 0.65;;;3294 / 3637;;;;3371;Складская техника;Вилочные погрузчики
13807;Электрический погрузчик Yale ERP22VL;Y;text;elektricheskij-pogruzchik-Yale-ERP22VL;500;;474;3751;;1931;;2193;;;1173 / 1289;;;;2321;;560;;;1606;;1480;;16.0;2 x 10.0;80;2200;;;;;26 / 39;2 x 10.0;;;18.0 / 18.0;;;;0.40 / 0.63;;;5468 / 5773;;;;4465;Складская техника;Вилочные погрузчики
13808;Электрический погрузчик Yale ERP22VL;Y;text;elektricheskij-pogruzchik-Yale-ERP22VL-2;500;;474;3751;;1931;;2193;;;1173 / 1289;;;;2321;;560;;;1606;;1480;;24.0;2 x 10.0;80;2200;;;;;28 / 42;2 x 10.0;;;21.0 / 21.0;;;;0.52 / 0.72;;;6015 / 6235;;;;4465;Складская техника;Вилочные погрузчики
13809;Электрический погрузчик Yale ERP25VL;Y;text;elektricheskij-pogruzchik-Yale-ERP25VL;500;;474;3751;;1931;;2193;;;1173 / 1289;;;;2321;;560;;;1606;;1480;;16.0;2 x 10.0;80;2500;;;;;24 / 35;2 x 10.0;;;18.0 / 18.0;;;;0.38 / 0.63;;;5591 / 5726;;;;4465;Складская техника;Вилочные погрузчики
13810;Электрический погрузчик Yale ERP25VL;Y;text;elektricheskij-pogruzchik-Yale-ERP25VL-2;500;;474;3751;;1931;;2193;;;1173 / 1289;;;;2321;;560;;;1606;;1480;;24.0;2 x 10.0;80;2500;;;;;26 / 38;2 x 10.0;;;21.0 / 21.0;;;;0.49 / 0.72;;;6037 / 6185;;;;4465;Складская техника;Вилочные погрузчики
13811;Электрический погрузчик Yale ERP25VL;Y;text;elektricheskij-pogruzchik-Yale-ERP25VL-3;500;;474;3891;;2073;;2193;;;1173 / 1289;;;;2465;;700;;;1750;;1770;;16.0;2 x 10.0;80;2500;;;;;24 / 35;2 x 10.0;;;18.0 / 18.0;;;;0.38 / 0.63;;;5591 / 5726;;;;4876;Складская техника;Вилочные погрузчики
13812;Электрический погрузчик Yale ERP25VL;Y;text;elektricheskij-pogruzchik-Yale-ERP25VL-4;500;;474;3891;;2073;;2 193;;;1173 / 1289;;;;2465;;700;;;1750;;1770;;24.0;2 x 10.0;80;2500;;;;;26 / 38;2 x 10.0;;;21.0 / 21.0;;;;0.49 / 0.72;;;6037 / 6185;;;;4876;Складская техника;Вилочные погрузчики
13813;Электрический погрузчик Yale ERP30VL;Y;text;elektricheskij-pogruzchik-Yale-ERP30VL;500;;474;3903;;2073;;2 193;;;1173 / 1289;;;;2465;;700;;;1750;;1770;;16.0;2 x 10.0;80;3000;;;;;22 / 34;2 x 10.0;;;17.0 / 18.0;;;;0.33 / 0.59;;;5441 / 5588;;;;4910;Складская техника;Вилочные погрузчики
13814;Электрический погрузчик Yale ERP30VL;Y;text;elektricheskij-pogruzchik-Yale-ERP30VL-2;500;;474;3903;;2073;;2193;;;1173 / 1289;;;;2465;;700;;;1750;;1770;;24.0;2 x 10.0;80;3000;;;;;24 / 37;2 x 10.0;;;19.5 / 21.0;;;;0.42 / 0.63;;;5877 / 6035;;;;4910;Складская техника;Вилочные погрузчики
13815;Электрический погрузчик Yale ERP35VL;Y;text;elektricheskij-pogruzchik-Yale-ERP35VL;500;;474;3969;;2139;;2193;;;1173 / 1289;;;;2555;;700;;;1750;;1770;;16.0;2 x 10.0;80;3500;;;;;20 / 32;2 x 10.0;;;16.0 / 18.0;;;;0.31 / 0.59;;;5478 / 5720;;;;5225;Складская техника;Вилочные погрузчики
13816;Электрический погрузчик Yale ERP35VL;Y;text;elektricheskij-pogruzchik-Yale-ERP35VL-2;500;;474;3969;;2139;;2 193;;;1173 / 1289;;;;2555;;700;;;1750;;1770;;24.0;2 x 10.0;80;3500;;;;;22 / 35;2 x 10.0;;;18.0 / 21.0;;;;0.37 / 0.63;;;5918 / 6177;;;;5225;Складская техника;Вилочные погрузчики
13817;Электрический погрузчик Yale ERP40VM;Y;text;elektricheskij-pogruzchik-Yale-ERP40VM;500;;474;4336;;2411;;2338;;;1360/ 1472;;;;2908;930;840;;;2020;;2069;;36;2 x 14.7;80;4000;;;;;15,6/ 23;2 x 14.7;;;19/ 21;;;;0,44/ 0,6;;;6422/ 6561;;;;7384;Складская техника;Вилочные погрузчики
13818;Электрический погрузчик Yale ERP45VM;Y;text;elektricheskij-pogruzchik-Yale-ERP45VM;500;;474;4336;;2411;;2338;;;1360/ 1472;;;;2908;930;840;;;2020;;2069;;36;2 x 14.7;80;4500;;;;;14,9/ 22,7;2 x 14.7;;;19/ 21;;;;0,38/ 0,47;;;6493/ 6640;;;;7517;Складская техника;Вилочные погрузчики
13819;Электрический погрузчик Yale ERP50VM;Y;text;elektricheskij-pogruzchik-Yale-ERP50VM;500;;474;4336;;2411;;2338;;;1472;;;;2908;930;840;;;2020;;2069;;36;2 x 14.7;80;4999;;;;;14,1/ 22,2;2 x 14.7;;;19/ 21;;;;0,36/ 0,47;;;6487/ 6627;;;;7821;Складская техника;Вилочные погрузчики
13820;Электрический погрузчик Yale FB15PYE;Y;text;elektricheskij-pogruzchik-Yale-FB15PYE;500;;474;3583;;1775;;2090;;;1100;;;;2080;;390;;;1380;;645;;8,4;6,5;48;1500;;;;;;6,5;;;15,0 / 13,5;;;;0,56 / 0,34;;;;;;;2940;Складская техника;Вилочные погрузчики
13821;Электрический погрузчик Yale FB18PYE;Y;text;elektricheskij-pogruzchik-Yale-FB18PYE;500;;474;3613;;1805;;2090;;;1130;;;;2115;;390;;;1380;;645;;8,4;6,6;48;1750;;;;;;6,6;;;15,0 / 13,5;;;;0,56 / 0,33;;;;;;;3135;Складская техника;Вилочные погрузчики
13822;Электрический погрузчик Yale FB20PYE;Y;text;elektricheskij-pogruzchik-Yale-FB20PYE;500;;474;;;;;;;;;;;;;;;;;;;;;;;;;;;;;;;;;;;;;;;;;;;;;;
13695;Штабелер Yale MS10E;Y;text;shtabeler-yale-ms10e;500;;474;2386;;1528;;;;1892;800;;;;732;0;150;;;1225;;150;;2;1;24;1000;;;;;08.окт;1;;;5.6 / 6.0;;0.2 / 0.25;;0.10 / 0.20;;;;;;;745;Складская техника;Штабелеры
13824;Штабелер Yale MS10 AC;Y;text;shtabeler-Yale-MS10-AC;500;;474;2369;;1540;;;;1852;800;;;;692;200;150;;;1225;;150;;2;01.фев;24;1000;;;;;07.окт;01.фев;;;5.5 / 6.0;;0.30 / 0.25;;0.13 / 0.18;;;;;;;880;Складская техника;Штабелеры
13825;Штабелер Yale MS12 AC;Y;text;shtabeler-Yale-MS12-AC;500;;474;2433;;1626;;;;1912;800;;;;752;250;210;;;1315;;212;;2;01.фев;24;1200;;;;;07.окт;01.фев;;;5.5 / 6.0;;0.30 / 0.25;;0.12 / 0.18;;;;;;;960;Складская техника;Штабелеры
13826;Штабелер Yale MS14 AC;Y;text;shtabeler-Yale-MS14-AC;500;;474;2457 / 2523;;1626;;;;1944 / 2013;800;;;;784 / 853;250/ 375;210/ 315;;;1315 / 1385;;212 / 288;;3;01.фев;24;1400;;;;;07.окт;01.фев;;;5.5 / 6.0;;0.30 / 0.25;;0.15 / 0.22;;;;;;;1000 / 1120;Складская техника;Штабелеры
13827;Штабелер Yale MS16 AC;Y;text;shtabeler-Yale-MS16-AC;500;;474;2523;;1692;;;;2013;800;;;;853;375;315;;;1385;;288;;3;01.фев;24;1600;;;;;07.окт;01.фев;;;5.5 / 6.0;;0.30 / 0.25;;0.15 / 0.22;;;;;;;1120;Складская техника;Штабелеры
13828;Штабелер Yale MS14 IL AC;Y;text;shtabeler-Yale-MS14-IL-AC;500;;474;2513;;1760;;;;20527);860;;;;8927;375;315;;;1529;;267;;3;01.фев;24;1400;;;;;07.окт;01.фев;;;5.0 / 5.0;;0.3 / 0.25;;0.15 / 0.22;;;;;;;1200;Складская техника;Штабелеры
13829;Штабелер Yale MS16 IL AC;Y;text;shtabeler-Yale-MS16-IL-AC;500;;474;2513;;1760;;;;2052;860;;;;892;375;315;;;1529;;267;;3;01.фев;24;1600;;;;;07.окт;01.фев;;;5.0 / 5.0;;0.3 / 0.25;;0.15 / 0.22;;;;;;;1200;Складская техника;Штабелеры
13830;Штабелер Yale MS12S;Y;text;shtabeler-Yale-MS12S;500;;474;2540 / 2555;;1710;;;;2135 / 2155;960;;;;975 / 995;;460;;;1485;;350;;3;02.июн;24;янв.25;;;;;08.окт;02.июн;;;08.сен;;0.30 / 0.25;;0.18 / 0.22;;;;;;;1470 / 1570;Складская техника;Штабелеры
13831;Штабелер Yale MS15S;Y;text;shtabeler-Yale-MS15S;500;;474;2540 / 2555;;1710;;;;2135 / 2155;960;;;;975 / 995;;460;;;1485;;350;;3;02.июн;24;01.май;;;;;08.окт;02.июн;;;08.сен;;0.30 / 0.25;;0.15 / 0.22;;;;;;;1470 / 1570;Складская техника;Штабелеры
13832;Штабелер Yale MS12X;Y;text;shtabeler-Yale-MS12X;500;;474;2959;;2129;;;;2129 / 2575;860;;;;969 / 1415;;345;;;1423;;300;;3.0;02.фев;24;янв.25;;;;;08.окт;02.фев;;;06.июн;;0.3 / 0.28;;0.16 / 0.22;;;;;;;1398;Складская техника;Штабелеры
13833;Штабелер Yale MS12XIL;Y;text;shtabeler-Yale-MS12XIL;500;;474;2894;;2226;;;;2129 / 2575;860;;;;969 / 1415;;345;;;1520;;300;;3.0;4.0;24;янв.25;;;;;08.окт;4.0;;;6/6 / 8/8.5;;0.3 / 0.28;;0.16 / 0.22;;;;;;;1398;Складская техника;Штабелеры
13834;Штабелер Yale MS15X;Y;text;shtabeler-Yale-MS15X;500;;474;2977;;2129;;;;2141 / 2587;860;;;;981 / 1427;;345;;;1423;;300;;3.0;4.0;24;01.май;;;;;08.окт;4.0;;;6/6 / 8/8.5;;0.3 / 0.28;;0.16 / 0.22;;;;;;;1570;Складская техника;Штабелеры
13835;Штабелер Yale MS15XIL;Y;text;shtabeler-Yale-MS15XIL;500;;474;2912;;2226;;;;2141 / 2587;860;;;;981 / 1427;;345;;;1520;;300;;3.0;4.0;24;01.май;;;;;08.окт;4.0;;;6/6 / 8/8.5;;0.3 / 0.28;;0.16 / 0.22;;;;;;;1570;Складская техника;Штабелеры
13836;Штабелер Yale MC10;Y;text;shtabeler-Yale-MC10;500;;474;;;;;;;;;;;;;;;;;;;;;;;;;;;;;;;;;;;;;;;;;;;;;;
13837;Штабелер Yale MC12;Y;text;shtabeler-Yale-MC12;500;;474;;;;;;;;;;;;;;;;;;;;;;;;;;;;;;;;;;;;;;;;;;;;;;
13838;Штабелер Yale MC15;Y;text;shtabeler-Yale-MC15;500;;474;;;;;;;;;;;;;;;;;;;;;;;;;;;;;;;;;;;;;;;;;;;;;;
13712;Транспортировщик паллет Yale MP13;Y;text;transportirovshchik-pallet-yale-mp13;500;;474;1911;;1512;;;;1683;700;;;;500;0;55;;;1331;;40;;1.0;0.8;24;01.мар;;;;;май.20;0.8;;;5.5 / 5.5;;0.08 / 0.08;;0.030 / 0.044;;;;;;;292;Складская техника;Транспортировщики паллет
13840;Транспортировщик паллет Yale MP16;Y;text;transportirovshchik-pallet-Yale-MP16;500;;474;1911;;1512;;;;1683;700;;;;500;0;150;;;1331;;144;;1.0;0.8;24;01.июн;;;;;окт.20;0.8;;;05.05.2006;;0.08 / 0.08;;0.032 / 0.046;;;;;;;396;Складская техника;Транспортировщики паллет
13841;Транспортировщик паллет Yale MP18 AC;Y;text;transportirovshchik-pallet-Yale-MP18-AC;500;;474;1911;;1512;;;;1683;700;;;;500;200;150;;;1331;;144-185;;1.0;01.фев;24;01.авг;;;;;окт.20;01.фев;;;06.июн;;0.08 / 0.08;;0.032 / 0.046;;;;;;;503;Складская техника;Транспортировщики паллет
13842;Транспортировщик паллет Yale MP20 AC;Y;text;transportirovshchik-pallet-Yale-MP20-AC;500;;474;1911;;1512;;;;1683;700;;;;500;200;150;;;1331;;144-185;;1.0;01.фев;24;2;;;;;окт.20;01.фев;;;06.июн;;0.08 / 0.08;;0.034 / 0.046;;;;;;;503;Складская техника;Транспортировщики паллет
13843;Транспортировщик паллет Yale MP20L AC;Y;text;transportirovshchik-pallet-Yale-MP20L-AC;500;;474;1983;;1584;;;;1755;700;;;;572;250;210;;;1403;;222 (212);;01.апр;01.фев;24;2;;;;;окт.20;01.фев;;;06.июн;;0.08 / 0.08;;0.034 / 0.046;;;;;;;523;Складская техника;Транспортировщики паллет
13844;Транспортировщик паллет Yale MP22 AC;Y;text;transportirovshchik-pallet-Yale-MP22-AC;500;;474;1983;;1584;;;;1755;700;;;;572;250;210;;;1403;;222 (212);;01.апр;01.фев;24;02.фев;;;;;окт.20;01.фев;;;06.июн;;0.08 / 0.08;;0.032 / 0.046;;;;;;;530;Складская техника;Транспортировщики паллет
13845;Транспортировщик паллет Yale MP20DL;Y;text;transportirovshchik-pallet-Yale-MP20DL;500;;474;;;;;;;;;;;;;;;;;;;;;;;;;;;;;;;;;;;;;;;;;;;;;Складская техника;Транспортировщики паллет
13846;Транспортировщик паллет Yale MP25HD;Y;text;transportirovshchik-pallet-Yale-MP25HD;500;;474;2087;;1652;;;;1888;735;;;;732;0;300;;;1530;;233;;01.апр;02.июн;24;02.май;;;;;авг.20;02.июн;;;05.07.2006;;0.048 / 0.044;;0.029 / 0.037;;;;;;;760;Складская техника;Транспортировщики паллет
13847;Транспортировщик паллет Yale MP30HD;Y;text;transportirovshchik-pallet-Yale-MP30HD;500;;474;2087;;1652;;;;1888;735;;;;732;0;300;;;1530;;233;;01.апр;02.июн;24;3.0;;;;;май.20;02.июн;;;05.05.2006;;0.048 / 0.044;;0.029 / 0.037;;;;;;;780;Складская техника;Транспортировщики паллет
13848;Транспортировщик паллет Yale MP20S;Y;text;transportirovshchik-pallet-Yale-MP20S;500;;474;2300;;1865;;;;2039;960;;;;883;;460;;;1633;;260;;2;02.июн;24;2;;;;;авг.20;02.июн;;;7.5 / 9.5;;0.048 / 0.044;;0.029 / 0.037;;;;;;;1070;Складская техника;Транспортировщики паллет
13849;Транспортировщик паллет Yale MP30S;Y;text;transportirovshchik-pallet-Yale-MP30S;500;;474;2300;;1865;;;;2039;960;;;;883;;460;;;1633;;260;;2;02.июн;24;3;;;;;май.20;02.июн;;;7.5 / 9.5;;0.048 / 0.044;;0.029 / 0.037;;;;;;;1090;Складская техника;Транспортировщики паллет
13850;Транспортировщик паллет Yale MP20T;Y;text;transportirovshchik-pallet-Yale-MP20T;500;;474;2277;;1842;;;;2027;790;;;;877;;375;;;1622;;320;;2;02.июн;24;2;;;;;авг.15;02.июн;;;7.5 / 9.5;;0.048 / 0.044;;0.029 / 0.037;;;;;;;1100;Складская техника;Транспортировщики паллет
13851;Транспортировщик паллет Yale MP20XD;Y;text;transportirovshchik-pallet-Yale-MP20XD;500;;474;2621 / 3059;;1970 / 2408;;;;2129 / 2575;780;;;;969 / 1415;0;300;;;1702;;260;;2.0;4.0;24;1 + 1;;;;;08.окт;4.0;;;6/6 / 8/8.5;;0.3 / 0.28;;0.16 / 0.22;;;;;;;(1100) 1050;Складская техника;Транспортировщики паллет
13852;Транспортировщик паллет Yale MP20X;Y;text;transportirovshchik-pallet-Yale-MP20X;500;;474;2139 / 2586;;1743 / 2190;;;;1922 / 2368;780;;;;739 / 1185;300;210;;;1485;;215;;2.0;4;24;2.0;;;;;окт.20;4;;;6/6 / 10/10.5;;0.05 / 0.04;;0.03 / 0.04;;;;;;;950 (1000);Складская техника;Транспортировщики паллет
13853;Транспортировщик паллет Yale MP20X;Y;text;transportirovshchik-pallet-Yale-MP20X-2;500;;474;2179 / 2626;;1783 / 2230;;;;1962 / 2408;780;;;;779/ 1225;0;400;;;1525;;330;;2.0;4;24;2.0;;;;;окт.20;4;;;6/6 / 10/10.5;;0.05 / 0.04;;0.03 / 0.04;;;;;;;950 (1000);Складская техника;Транспортировщики паллет
13854;Транспортировщик паллет Yale MP20X;Y;text;transportirovshchik-pallet-Yale-MP20X-3;500;;474;2229 / 2676;;1833 / 2280;;;;2012 / 2458;780;;;;829 / 1275;0;500;;;1575;;400;;2.0;4;24;2.0;;;;;окт.20;4;;;6/6 / 10/10.5;;0.05 / 0.04;;0.03 / 0.04;;;;;;;950 (1000);Складская техника;Транспортировщики паллет
13855;Транспортировщик паллет Yale MP20XV;Y;text;transportirovshchik-pallet-Yale-MP20XV;500;;474;2058 / 2508;;1670 / 2120;;;;1850 / 2296;716;;;;658 / 1104;250;210;;;1419;;215;;1;2;24;2.0;;;;;окт.20;2;;;6.0 / 6.0;;0.05 / 0.04;;0.03 / 0.04;;;;;;;750;Складская техника;Транспортировщики паллет
13856;Транспортировщик паллет Yale MP20XV;Y;text;transportirovshchik-pallet-Yale-MP20XV-2;500;;474;2130 / 2508;;1742 / 2192;;;;1922 / 2368;716;;;;730 / 1176;375;315;;;1491;;297;;2;2;24;2.0;;;;;окт.20;2;;;6.0/6.0 / 7.4/7.5;;0.05 / 0.04;;0.03 / 0.04;;;;;;;875;Складская техника;Транспортировщики паллет
13857;Транспортировщик паллет Yale MP20XV;Y;text;transportirovshchik-pallet-Yale-MP20XV-3;500;;474;- / 2694;;- / 2306;;;;- / 2478;716;;;;- / 1286;375;315;;;1491;;297;;2;2;24;2.0;;;;;окт.14;2;;;- / 7.4/7.5;;0.05 / 0.04;;0.03 / 0.04;;;;;;;925;Складская техника;Транспортировщики паллет
13713;Ричтрак Yale MR14;Y;text;richtrak-yale-mr14;500;;474;2575 / 2613 / 2656;;1688;;;;2400 / 2472 / 2544;1270;;;;1200 / 1272 / 1344;0;420 / 560 / 700;;;1435;;750;;14;6,4;48;1400;;;;;дек.18;6,4;;;13 / 13;;0,53 / 0,51;;0,36 / 0,52;;;;;;;2980;Складская техника;Ричтраки
13859;Ричтрак Yale MR14H;Y;text;richtrak-Yale-MR14H;500;;474;2582 / 2619 / 2661;;1702;;;;2400 / 2472 / 2544;1270;;;;1200 / 1272 / 1344;0;420 / 560 / 700;;;1450;;750;;14;6,4;48;1400;;;;;дек.18;6,4;;;13 / 13;;0,53 / 0,51;;0,36 / 0,52;;;;;;;3440;Складская техника;Ричтраки
13860;Ричтрак Yale MR16;Y;text;richtrak-Yale-MR16;500;;474;2600 / 2634 / 2674;;1736;;;;2400 / 2472 / 2544;1270;;;;1200 / 1272 / 1344;0;420 / 560 / 700;;;1485;;750;;14;6,4;48;1600;;;;;дек.18;6,4;;;13 / 13;;0,53 / 0,51;;0,36 / 0,52;;;;;;;3000;Складская техника;Ричтраки
13861;Ричтрак Yale MR16H;Y;text;richtrak-Yale-MR16H;500;;474;2634 / 2674;;1736;;;;2472 / 2544;1270;;;;1272 / 1344;0;560 / 700;;;1485;;940;;14;6,4;48;1600;;;;;окт.15;6,4;;;13 / 13;;0,53 / 0,51;;0,36 / 0,52;;;;;;;3680;Складская техника;Ричтраки
13862;Ричтрак Yale MR16HD;Y;text;richtrak-Yale-MR16HD;500;;474;2743 / ;;1797;;;;2643 / ;1270;;;;1443 / ;0;700;;;1570;;1119;;14;6,4;48;1600;;;;;окт.15;6,4;;;13 / 13;;0,6 / 0,52;;0,3 / 0,65;;;;;;;5095;Складская техника;Ричтраки
13863;Ричтрак Yale MR16N;Y;text;richtrak-Yale-MR16N;500;;474;2607 / 2661;;1683;;;;2470 / 2560;1130;;;;1270 / 1360;0;420 / 560;;;1435;;730;;14;6,4;48;1600;;;;;дек.18;6,4;;;13 / 13;;0,53 / 0,51;;0,36 / 0,52;;;;;;;2940;Складская техника;Ричтраки
13864;Ричтрак Yale MR20;Y;text;richtrak-Yale-MR20;500;;474;2667 / 2701 / 2742;;1797;;;;2477 / 2549 / 2621;1270;;;;1277 / 1349 / 1421;0;560 / 700 / 840;;;1550;;940;;14;6,4;48;2000;;;;;окт.15;6,4;;;13 / 13;;0,5 / 0,51;;0,28 / 0,35;;;;;;;3470;Складская техника;Ричтраки
13865;Ричтрак Yale MR20H;Y;text;richtrak-Yale-MR20H;500;;474;2701 / 2742;;1797;;;;2549 / 2621;1270;;;;1349 / 1421;0;700 / 840;;;1550;;1120;;14;6,4;48;2000;;;;;окт.15;6,4;;;13 / 13;;0,54 / 0,51;;0,3 / 0,52;;;;;;;3880;Складская техника;Ричтраки
13866;Ричтрак Yale MR20HD;Y;text;richtrak-Yale-MR20HD;500;;474;2746 / 2791;;1797;;;;2648 / 2720;1270;;;;1448 / 1520;0;700 / 840;;;1570;;1119;;14;6,4;48;2000;;;;;окт.15;6,4;;;13 / 13;;0,6 / 0,52;;0,3 / 0,65;;;;;;;5235;Складская техника;Ричтраки
13867;Ричтрак Yale MR20W;Y;text;richtrak-Yale-MR20W;500;;474;2721 / 2759;;1832;;;;2549 / 2621;1470;;;;1349 / 1421;0;700 / 840;;;1580;;1120;;14;6,4;48;2000;;;;;окт.15;6,4;;;13 / 13;;0,54 / 0,51;;0,3 / 0,52;;;;;;;3740;Складская техника;Ричтраки
13868;Ричтрак Yale MR25;Y;text;richtrak-Yale-MR25;500;;474;2753 / 2786;;1893;;;;2554 / 2626;1270;;;;1354 / 1426;0;700 / 840;;;1650;;1120;;14;6,4;48;2500;;;;;окт.15;6,4;;;13 / 13;;0,5 / 0,51;;0,24 / 0,35;;;;;;;3920;Складская техника;Ричтраки
13714;Узкопроходный штабелер Yale MTC10;Y;text;uzkoprokhodnyy-shtabeler-yale-mtc10;500;;474;1600;;2100;;;;различается;различается;;;;различается;700;560;;;1783;;950;;2 x 12;7,5;48;1000;;;;;6;07.май;;индукц./рельс.;9.9 / 10.0;300 / 300;0.50 / 0.45;500 / 500;0.41 / 0.45;410 / 410;;;;;;6276;Складская техника;Узкопроходные штабелеры
13870;Узкопроходный штабелер Yale MTC13;Y;text;uzkoprohodniy-shtabeler-Yale-MTC13;500;;474;1600;;2250;;;;различается;различается;;;;различается;840;700;;;1943;;1360;;2 x 12;7,5;48;1300;;;;;6;07.май;;индукц./рельс.;10.4 / 10.5;301 / 300;0.50 / 0.45;500 / 450;0.41 / 0.45;410 / 450;;;;;;6701;Складская техника;Узкопроходные штабелеры
13871;Узкопроходный штабелер Yale MTC13 LWB;Y;text;uzkoprohodniy-shtabeler-Yale-MTC13-LWB;500;;474;1600;;2370;;;;различается;различается;;;;различается;;1085;;;2063;;1580;;2 x 12;7,5;48;1300;;;;;6;07.май;;индукц./рельс.;10.4 / 10.5;302 / 300;0.50 / 0.45;501 / 450;0.41 / 0.45;411 / 450;;;;;;7034;Складская техника;Узкопроходные штабелеры
13872;Узкопроходный штабелер Yale MTC13-80V;Y;text;uzkoprohodniy-shtabeler-Yale-MTC13-80V;500;;474;1600;;2250;;;;различается;различается;;;;различается;;420;;;1943;;1360;;2 x 15;8.0;80;1300;;;;;6;8.0;;индукц./рельс.;11.9 / 12.0;303 / 300;0.50 / 0.45;502 / 450;0.41 / 0.45;412 / 450;;;;;;6701;Складская техника;Узкопроходные штабелеры
13873;Узкопроходный штабелер Yale MTC15 SWB;Y;text;uzkoprohodniy-shtabeler-Yale-MTC15-SWB;500;;474;1600;;2370;;;;различается;различается;;;;различается;;560;;;2063;;1600;;2 x 15;8.0;80;1500;;;;;6;8.0;;индукц./рельс.;11.9 / 12.0;304 / 300;0.50 / 0.45;503 / 450;0.41 / 0.45;413 / 450;;;;;;7140;Складская техника;Узкопроходные штабелеры
13874;Узкопроходный штабелер Yale MTC15 MWB;Y;text;uzkoprohodniy-shtabeler-Yale-MTC15-MWB;500;;474;1600;;2495;;;;различается;различается;;;;различается;;700;;;2193;;1900;;2 x 15;8.0;80;1500;;;;;6;8.0;;индукц./рельс.;11.9 / 12.0;305 / 300;0.50 / 0.45;504 / 450;0.41 / 0.45;414 / 450;;;;;;7686;Складская техника;Узкопроходные штабелеры
13875;Узкопроходный штабелер Yale MTC15 LWB;Y;text;uzkoprohodniy-shtabeler-Yale-MTC15-LWB;500;;474;1600;;2685;;;;различается;различается;;;;различается;;840;;;2388;;1900;;2 x 15;8.0;80;1500;;;;;6;8.0;;индукц./рельс.;11.9 / 12.0;306 / 300;0.50 / 0.45;505 / 450;0.41 / 0.45;415 / 450;;;;;;7921;Складская техника;Узкопроходные штабелеры
13716;Комплектовщик заказов Yale MO10E AC;Y;text;komplektovshchik-zakazov-yale-mo10e-ac;500;;474;1000 - 1200;;1637 - 1755;;;;2873 - 3203;780 - 950 / 1000;;;;1787 - 1900;0;560;;;1390 - 1510;;500;;3;3;24;800 - 1000;;;;;06.авг;3;;индукц./рельс.;9,5 / 9,9;;0.25 / 0.26;;0.20 / 0.25 - 0.18 / 0.23;;;;;;;1600-2150;Складская техника;Комплектовщики заказов
13877;Комплектовщик заказов Yale MO10;Y;text;komplektovshchik-zakazov-Yale-MO10;500;;474;1200;;1768;;;;3087;1000 / 1000;;;;1947;310;280;;;1534,5;;680;;12;6,4;48;1;;;;;окт.15;06.апр;;индукц./рельс.;8,8 / 9;;0,37 / 0,37;;0,36 / 0,42;;;;;;;2940;Складская техника;Комплектовщики заказов
13878;Комплектовщик заказов Yale MO10S;Y;text;komplektovshchik-zakazov-Yale-MO10S;500;;474;1300 / 1400;;1809 / 1905;;;;3087 / 3242;1100/1100 / 1100/1200;;;;1947 / 2102;465 / 620;420 / 560;;;1574,5 / 1674,5;;732 / 948;;12;6,4;48;1;;;;;окт.15;06.апр;;индукц./рельс.;8,8 / 9;;0,38 / 0,38;;0,37 / 0,43;;;;;;;3070 / 3295;Складская техника;Комплектовщики заказов
13719;Тягач YALE MO20;Y;text;tyagach-yale-mo20;500;;474;4008;;2813;;;;3764;796;;;;1410;0;620;;;2608;;366;;2;2,6;24;2000;;;;;;2,6;;индукц./рельс.;8,5 / 10,5;;;;;;;;;;;1195;Складская техника;Тягачи
13880;Тягач YALE MO25;Y;text;tyagach-YALE-MO25;500;;474;4153;;3413;;;;3909;796;;;;1555;0;620;;;3208;;480;;2;2,6;24;2500;;;;;;2,6;;индукц./рельс.;8,5 / 10,5;;;;;;;;;;;1310;Складская техника;Тягачи
13881;Тягач YALE MO20P;Y;text;tyagach-YALE-MO20P;500;;474;;;;;;;;;;;;;;;;;;;;;;;;;;;;;;;;;;;;;;;;;;;;;Складская техника;Тягачи
13882;Тягач YALE MO10L;Y;text;tyagach-YALE-MO10L;500;;474;;;;;;;;;;;;;;;;;;;;;;;;;;;;;;;;;;;;;;;;;;;;;Складская техника;Тягачи
13883;Тягач YALE MO50T;Y;text;tyagach-YALE-MO50T;500;;474;;;1289;;;;1429;796;;;;;0;465;;;1084;;366;;;2,6;24;5000;;;;;;2,6;;индукц./рельс.;7 / 12,5;;;;;;;1000;;;;1018;Складская техника;Тягачи
13884;Гидравлический штабелер Unilift SHM-0516;Y;text;gidravlicheskij-shtabeler-Unilift-SHM-0516;500;;1073;1945;;;;;;;;;;;;;;;;;1600;;;;;;500;;;;;;;;;;;контролируется вручную;;25 мм/качок;;;;;;;205;Складская техника;Гидравлические штабелеры
13885;Гидравлический штабелер Unilift SHM-1016;Y;text;gidravlicheskij-shtabeler-Unilift-SHM-1016;500;;1073;1945;;;;;;;;;;;;;;;;;1600;;;;;;1000;;;;;;;;;;;контролируется вручную;;25 мм/качок;;;;;;;230;Складская техника;Гидравлические штабелеры
13886;Гидравлический штабелер Unilift SHM-1025;Y;text;gidravlicheskij-shtabeler-Unilift-SHM-1025;500;;1073;1945;;;;;;;;;;;;;;;;;2500;;;;;;1000;;;;;;;;;;;контролируется вручную;;25 мм/качок;;;;;;;276;Складская техника;Гидравлические штабелеры
13887;Гидравлический штабелер Unilift SHM-1030;Y;text;gidravlicheskij-shtabeler-Unilift-SHM-1030;500;;1073;1945;;;;;;;;;;;;;;;;;3000;;;;;;1000;;;;;;;;;;;контролируется вручную;;25 мм/качок;;;;;;;307;Складская техника;Гидравлические штабелеры
13888;Гидравлический штабелер Unilift SHM-1516N;Y;text;gidravlicheskij-shtabeler-Unilift-SHM-1516N;500;;1073;1945;;;;;;;;;;;;;;;;;1600;;;;;;1500;;;;;;;;;;;контролируется вручную;;25 мм/качок;;;;;;;245;Складская техника;Гидравлические штабелеры
13729;Гидравлический штабелер Unilift SHMA-0516;Y;text;gidravlicheskiy-shtabeler-unilift-shma-0516;500;;1073;1910;;;;;;;;;;;;;;;;;1600;;;;;;500;2000;1640;805;;;;;;;;контролируется вручную;;20 мм/качок;;;;400;220-745;;161;Складская техника;Гидравлические штабелеры
13890;Гидравлический штабелер Unilift SHM-1516;Y;text;gidravlicheskij-shtabeler-Unilift-SHM-1516;500;;1073;1910;;;;;;;;;;;;;;;;;1600;;;;;;1500;;;;;;;;;;;контролируется вручную;;25 мм/качок;;;;;;;255;Складская техника;Гидравлические штабелеры
13891;Гидравлический штабелер Unilift SHM-3D;Y;text;gidravlicheskij-shtabeler-Unilift-SHM-3D;500;;1073;1890;;;;;;;;;;;;;;;;;1945;;;;;;350;;;;;;;;;;;контролируется вручную;;25 мм/качок;;;;;;;131;Складская техника;Гидравлические штабелеры
13892;Гидравлический штабелер Unilift SSE-1025;Y;text;gidravlicheskij-shtabeler-Unilift-SSE-1025;500;;1073;1982;;;;;;;;;;;;;;;;;2500;;;1,6;;;1000;;;;;;;;;;;контролируется вручную;;135/150 мм/с;;;;;;;285;Складская техника;Гидравлические штабелеры
13893;Гидравлический штабелер Unilift SSE-1030;Y;text;gidravlicheskij-shtabeler-Unilift-SSE-1030;500;;1073;2235;;;;;;;;;;;;;;;;;3000;;;1,6;;;1000;;;;;;;;;;;150/120;;80/100;;;;;;;440;Складская техника;Гидравлические штабелеры
13894;Гидравлический штабелер Unilift SSE-1033;Y;text;gidravlicheskij-shtabeler-Unilift-SSE-1033;500;;1073;2235;;;;;;;;;;;;;;;;;3300;;;1,6;;;1000;;;;;;;;;;;150/120;;80/100;;;;;;;460;Складская техника;Гидравлические штабелеры
13895;Гидравлический штабелер Unilift SFE-1033F;Y;text;gidravlicheskij-shtabeler-Unilift-SFE-1033F;500;;1073;2545;;;;;;;;;;;;;;;;;3300;;;2,2;0,75;;1000;;;;;;;;;;;150/120;;80/100;;;;;;;890;Складская техника;Гидравлические штабелеры
13896;Гидравлический штабелер Unilift SFE-1535F;Y;text;gidravlicheskij-shtabeler-Unilift-SFE-1535F;500;;1073;2545;;;;;;;;;;;;;;;;;3500;;;2,2;0,75;;1500;;;;;;;;;;;150/120;;80/100;;;;;;;950;Складская техника;Гидравлические штабелеры
13897;Гидравлический штабелер Unilift SFE-1545F;Y;text;gidravlicheskij-shtabeler-Unilift-SFE-1545F;500;;1073;;;;;;;;;;;;;;;;;;;;;;;;;;;;;;;;;;;;;;;;;;;;;;
13730;Подъемный стол Yale LTH-150A;Y;text;podemnyy-stol-yale-lth-150a;500;;474;;46;;;;825;;;;100;;;;;;25;;740;;225;;;;150;;;;;;;700x450x35;;;;;;;;;;;;;;Складская техника;Подъемные столы
13899;Подъемный стол Yale LTH-150Н;Y;text;podemniy-stol-Yale-LTH-150n;500;;474;;64;;;;921;;;;100;;;;;;30;;1100;;;;;;150;;773;;;;;;;;;;;;;;;;;;;Складская техника;Подъемные столы
13900;Подъемный стол Yale LTH-300A;Y;text;podemniy-stol-Yale-LTH-300A;500;;474;;75;;;;1000;;;;127;;;;;;32;;900;;;;;;300;;935;;;;;;;;;;;;;;;;;;;Складская техника;Подъемные столы
13901;Подъемный стол Yale LTH-350S;Y;text;podemniy-stol-Yale-LTH-350S;500;;474;;110;;;;970;;;;127;;;;;;55;;1300;;;;;;350;;980;;;;;;;;;;;;;;;;;;;Складская техника;Подъемные столы
13902;Подъемный стол Yale LTH-500A;Y;text;podemniy-stol-Yale-LTH-500A;500;;474;;87;;;;970;;;;127;;;;;;45;;900;;;;;;500;;925;;;;;;;;;;;;;;;;;;;Складская техника;Подъемные столы
13903;Подъемный стол Yale LTH-680F;Y;text;podemniy-stol-Yale-LTH-680F;500;;474;;185;;;;1000;;;;150;;;;;;80;;1500;;;;;;680;;1510;;;;;;;;;;;;;;;;;;;Складская техника;Подъемные столы
13904;Подъемный стол Yale LTH-800A;Y;text;podemniy-stol-Yale-LTH-800A;500;;474;;115;;;;996;;;;150;;;;;;70;;1000;;;;;;800;;1150;;;;;;;;;;;;;;;;;;;Складская техника;Подъемные столы
13905;Подъемный стол Yale LTE-250;Y;text;podemniy-stol-Yale-LTE-250;500;;474;;140;;;;980;;;;127;;;;;;;;900;;;;;;250;;1200;;;;;;;;;;;;;;;;;;;Складская техника;Подъемные столы
13906;Подъемный стол Yale LTH-1000;Y;text;podemniy-stol-Yale-LTH-1000;500;;474;;115;;;;960;;;;150;;;;;;55;;1000;;;;;;1000;;1170;;;;;;;;;;;;;;;;;;;Складская техника;Подъемные столы
13907;Подъемный стол Yale LTH-1500;Y;text;podemniy-stol-Yale-LTH-1500;500;;474;;135;;;;961;;;;150;;;;;;70;;1000;;;;;;1500;;;;;;;;;;;;;;;;;;;;;Складская техника;Подъемные столы
13908;Подъемный стол Yale LTH-800H;Y;text;podemniy-stol-Yale-LTH-800H;500;;474;;172;;;;961;;;;150;;;;;;;;1500;;;;;;800;;1375;;;;;;;;;;;;;;;;;;;Складская техника;Подъемные столы
